﻿{
  "0": {
    "gold": 0.0,
    "emerald": 0.0,
    "silver": 0.0,
    "sapphire": 0.0,
    "copper": 0.0,
    "glass": 0.0,
    "miss": 100.0
  },
  "1": {
    "gold": 0.1,
    "emerald": 0.3,
    "silver": 1.0,
    "sapphire": 2.0,
    "copper": 7.0,
    "glass": 14.6,
    "miss": 50.0
  },
  "2": {
    "gold": 0.2,
    "emerald": 0.6,
    "silver": 2.0,
    "sapphire": 3.0,
    "copper": 10.0,
    "glass": 16.7,
    "miss": 25.0
  },
  "3": {
    "gold": 0.3,
    "emerald": 1.0,
    "silver": 3.0,
    "sapphire": 4.0,
    "copper": 12.0,
    "glass": 18.2,
    "miss": 12.5
  },
  "4": {
    "gold": 0.4,
    "emerald": 1.5,
    "silver": 4.0,
    "sapphire": 5.0,
    "copper": 13.0,
    "glass": 18.6,
    "miss": 6.25
  },
  "5": {
    "gold": 0.5,
    "emerald": 2.0,
    "silver": 5.0,
    "sapphire": 6.0,
    "copper": 14.0,
    "glass": 19.25,
    "miss": 3.13
  },
  "6": {
    "gold": 0.6,
    "emerald": 2.5,
    "silver": 6.0,
    "sapphire": 7.0,
    "copper": 15.0,
    "glass": 19.77,
    "miss": 1.56
  },
  "7": {
    "gold": 0.7,
    "emerald": 3.0,
    "silver": 7.0,
    "sapphire": 8.0,
    "copper": 16.0,
    "glass": 20.24,
    "miss": 0.78
  },
  "8": {
    "gold": 0.8,
    "emerald": 3.5,
    "silver": 8.0,
    "sapphire": 9.0,
    "copper": 17.0,
    "glass": 20.42,
    "miss": 0.39
  },
  "9": {
    "gold": 0.9,
    "emerald": 4.0,
    "silver": 9.0,
    "sapphire": 10.0,
    "copper": 18.0,
    "glass": 20.71,
    "miss": 0.20
  },
  "10": {
    "gold": 1.0,
    "emerald": 4.5,
    "silver": 10.0,
    "sapphire": 11.0,
    "copper": 18.0,
    "glass": 20.80,
    "miss": 0.10
  }
}
